﻿<?xml version="1.0" encoding="utf-8" ?>
<Advertisements>
  <Ad>
    <ImageUrl>images/1.jpg</ImageUrl>
    <Height>250</Height>
    <Width>300</Width>
    <NavigateUrl>https:\\baike.baidu.com/item/%E9%AB%98%E5%9D%82%E6%A1%90%E4%B9%83/8753316?fr=aladdin</NavigateUrl>
    <AlternateText>单击进入视频网站</AlternateText>
    <Impressions>1</Impressions>
    <Keyword>网站</Keyword>
  </Ad>

  <Ad>
    <ImageUrl>images/3.jpg</ImageUrl>
    <Height>250</Height>
    <Width>300</Width>
    <NavigateUrl>http:\\www.bilibili.com</NavigateUrl>
    <AlternateText>单击进入B站</AlternateText>
    <Impressions>1</Impressions>
    <Keyword>网站</Keyword>
  </Ad>


  <Ad>
    <ImageUrl>images/2.jpg</ImageUrl>
    <Height>250</Height>
    <Width>300</Width>
    <NavigateUrl>http:\\www.baidu.com</NavigateUrl>
    <AlternateText>单击进入百度</AlternateText>
    <Impressions>1</Impressions>
    <Keyword>网站</Keyword>
  </Ad>
</Advertisements>

